[
	{"title":"My Feeds",
	"children":[
		{"title":"My Feeds",
		"children":[]
		}	
	]},	
	{"title":"Google Reader",
	"children":[
	]},
	{"title":"Facebook",
	"children":[
		{"title":"Built In Feeds",
		"children": [
			{"url":"https://graph.facebook.com/me/home?",
			"title":"My News Feed"},
			{"url":"https://graph.facebook.com/me/feed?",
			"title":"My Profile Feed"}
		]}
	]},
	{"title":"Flickr",
	"children":[
		{"title":"Built In Feeds",
		"children": [
			{"url":"http://api.flickr.com/services/rest/?method=flickr.interestingness.getList&extras=date_upload,owner_name",
			"title":"Interesting Photos"},		
			{"url":"http://api.flickr.com/services/rest/?method=flickr.photos.getRecent&extras=date_upload,owner_name",
			"title":"Recent Photos"},
			{"url":"http://api.flickr.com/services/rest/?method=flickr.people.getPhotos&extras=date_upload,owner_name&user_id=me",
			"title":"My Photos"}		
		]}
	]},
	{"title":"Twitter",
	"children":[
		{"title":"Built In Feeds",
		"children": [
			{"url":"http://api.twitter.com/1/statuses/home_timeline.atom",
			"title":"Home Timeline"},
			{"url":"http://api.twitter.com/1/statuses/public_timeline.atom",
			"title":"Public Timeline"}
		]}
	]},
	{"title":"YouTube",
	"children":[
		{"title":"Built In Feeds",
		"children": [
			{"url":"http://gdata.youtube.com/feeds/api/standardfeeds/top_rated",
			"title":"Top Rated Videos"},
			{"url":"http://gdata.youtube.com/feeds/api/standardfeeds/top_favorites",
			"title":"Top Favorites Videos"},
			{"url":"http://gdata.youtube.com/feeds/api/standardfeeds/most_viewed",
			"title":"Most Viewed Videos"},
			{"url":"http://gdata.youtube.com/feeds/api/standardfeeds/most_popular",
			"title":"Most Popular Videos"},
			{"url":"http://gdata.youtube.com/feeds/api/standardfeeds/most_recent",
			"title":"Most Recent Videos"},
			{"url":"http://gdata.youtube.com/feeds/api/users/default/favorites?v=2",
			"title":"My Favorites"}
		]}
	]},
	{"title":"News",
	"children": [
		{"title":"ABC News", "children":[
			{"url":"feed://blogs.abcnews.com/politicalpunch/atom2.xml",
			"title":"ABC Political Punch"}
		]},
		{"title":"Al Jazeera", "children":[
			{"url":"http://www.aljazeera.net/AljazeeraRss/Rss.aspx?URL=RSS-Portal.xml",
			"title":"Al Jazeera Portal"},
			{"url":"http://www.aljazeera.net/AljazeeraRss/Rss.aspx?URL=RSS-News.xml",
			"title":"Al Jazeera News"},
			{"url":"http://www.aljazeera.net/AljazeeraRss/Rss.aspx?URL=RSS-Channel.xml",
			"title":"Al Jazeera Channel"},
			{"url":"http://www.aljazeera.net/AljazeeraRss/Rss.aspx?URL=RSS-KnowledgeGate.xml",
			"title":"Al Jazeera Knowledge Gate"},
			{"url":"http://www.aljazeera.net/AljazeeraRss/Rss.aspx?URL=RSS-eBusiness.xml",
			"title":"Al Jazeera eBusiness"},
			{"url":"http://www.aljazeera.net/AljazeeraRss/Rss.aspx?URL=RSS-Human",
			"title":"Al Jazeera Human Rights"},
			{"url":"http://www.aljazeera.net/AljazeeraRss/Rss.aspx?URL=RSS-Studies.xml",
			"title":"Al Jazeera Studies"}
		]},
		{"title":"The Atlantic", "children":[
			{"url":"http://feeds.feedburner.com/AtlanticPoliticsChannel",
			"title":"The Atlantic Politics Channel"},
			{"url":"http://feeds.feedburner.com/AtlanticBusinessChannel",
			"title":"The Atlantic Business Channel"},
			{"url":"http://feeds.feedburner.com/AtlanticCulture",
			"title":"The Atlantic Culture Channel"},
			{"url":"http://feeds.feedburner.com/AtlanticInternational",
			"title":"The Atlantic International Channel "},
			{"url":"http://feeds.feedburner.com/AtlanticScienceAndTechnology",
			"title":"The Atlantic Science and Technology Channel"},
			{"url":"http://feeds.feedburner.com/AtlanticNational",
			"title":"The Atlantic National Channel"},
			{"url":"http://feeds.feedburner.com/AtlanticFood",
			"title":"The Atlantic Food Channel"},
			{"url":"http://feeds.feedburner.com/AlexisMadrigalTheAtlantic",
			"title":"The Atlantic: Alexis Madrigal"},
			{"url":"http://feeds.feedburner.com/TheAtlantic_HuaHsu",
			"title":"The Atlantic: Hua Hsu "},
			{"url":"http://feeds.feedburner.com/andrewsullivan/rApM",
			"title":"The Atlantic: Andrew Sullivan "},
			{"url":"http://feeds.feedburner.com/LisaMargonelliTheAtlantic",
			"title":"The Atlantic: Lisa Margonelli "},
			{"url":"http://feeds.feedburner.com/MeganMcardle",
			"title":"The Atlantic: Megan Mcardle "},
			{"url":"http://feeds.feedburner.com/GraemeWoodTheAtlantic",
			"title":"The Atlantic: Graeme Wood "},
			{"url":"http://feeds.feedburner.com/AlyssaRosenberg",
			"title":"The Atlantic: Alyssa Rosenberg "},
			{"url":"http://feeds.feedburner.com/Ta-nehisiCoates",
			"title":"The Atlantic: Ta-nehisi Coates "},
			{"url":"http://feeds.feedburner.com/JamesFallows",
			"title":"The Atlantic: James Fallows "},
			{"url":"http://feeds.feedburner.com/DavidShenkTheAtlantic",
			"title":"The Atlantic: David Shenk "},
			{"url":"http://feeds.feedburner.com/LaneWallaceTheAtlantic",
			"title":"The Atlantic: Lane Wallace "},
			{"url":"http://feeds.feedburner.com/JeffGoldberg",
			"title":"The Atlantic: Jeffrey Goldberg "},
			{"url":"http://feeds.feedburner.com/CliveCrook",
			"title":"The Atlantic: Clive Crook "},
			{"url":"http://feeds.feedburner.com/JoshuaGreen",
			"title":"The Atlantic: Joshua Green "}
		]},
		{"title":"BBC", 
			"children":[ 
			{"url":"http://feeds.bbci.co.uk/news/rss.xml",
			"title":"BBC News"},
			{"url":"http://newsrss.bbc.co.uk/rss/sportonline_world_edition/front_page/rss.xml",
			"title":"BBC Sport"}
		]},
		{"title":"Breaking News", "children":[
			{"url":"https://twitter.com/BREAKINGNEWS",
			"title":"Breaking News"}
		]},
		{"title":"Chicago Sun Times", 
			"children":[ 
			{"url":"http://www.suntimes.com/rss/index.html?path=/suntimes",
			"title":"Chicago Sun Times"}				
		]},
		{"title":"Chicago Tribune", "children":[
			{"url":"http://www.chicagotribune.com/rss2.0.xml",
			"title":"Chicago Tribune"}
		]},
		{"title":"CNN", 
			"children":[ 
			{"url":"http://rss.cnn.com/rss/cnn_topstories.rss",
			"title":"CNN Top Stories"},
			{"url":"http://rss.cnn.com/rss/cnn_latest.rss",
			"title":"CNN Latest Stories"},
			{"url":"http://rss.cnn.com/rss/edition.xml",
			"title":"CNN News Source"},
			{"url":"http://politicalticker.blogs.cnn.com/feed/rss/",
			"title":"Political Ticker"}		
		]},
		{"title":"Dallas News",
			"children":[
			{"url":"http://www.dallasnews.com/newskiosk/rss/dallasnewslocalnews.xml",
			"title":"Dallas News"}
		]},
		{"title":"Economix",
			"children":[
			{"url":"feed://economix.blogs.nytimes.com/feed/",
			"title":"Economix"}
		]},

		{"title":"Fort Worth Star Telegram", 
			"children":[ 
			{"url":"http://www.star-telegram.com/front/index.atom",
			"title":"Fort Worth Star Telegram"}
		]},																					
		{"title":"Fox News", 
			"children":[ 
			{"url":"http://feeds.feedburner.com/foxnews/latest",
			"title":"Fox News"}				
		]},
		{"title":"Entertainment News", "children":[
			{"url":"feed://latimesblogs.latimes.com/entertainmentnewsbuzz/atom.xml",
			"title":"Entertainment News Buzz"}
		]},
		{"title":"The Guardian", 
			"children":[ 
			{"url":"http://feeds.guardian.co.uk/theguardian/rss",
			"title":"The Guardian"}
		]},
		{"title":"Hot Air", "children":[
			{"url":"http://hotair.com/feed/rss/",
			"title":"Hot Air"}
		]},
		{"title":"Houston Chronicle", 
			"children":[ 
			{"url":"http://www.chron.com/rss/chronicle/index.rss",
			"title":"Houston Chronicle"}
		]},
		{"title":"Huffington Post", "children":[
			{"url":"http://feeds.huffingtonpost.com/huffingtonpost/raw_feed",
			"title":"Huffington Post News"},
			{"url":"http://feeds.huffingtonpost.com/huffingtonpost/LatestNews",
			"title":"Huffington Post Latest Stories"},
			{"url":"http://feeds.huffingtonpost.com/huffingtonpost/TheBlog",
			"title":"Huffington Post Blog"},
			{"url":"http://feeds.huffingtonpost.com/FeaturedPosts",
			"title":"Huffington Post Features"},
			{"url":"http://www.huffingtonpost.com/feeds/original_posts/index.xml",
			"title":"Huffington Post Originals"},
			{"url":"http://www.huffingtonpost.com/wires/full_index.rdf",
			"title":"Huffington Post Wire"}
		]},
		{"title":"The Independent", 
			"children":[ 
			{"url":"http://rss.feedsportal.com/c/266/f/3492/index.rss",
			"title":"The Independent"}
		]},
		{"title":"Irish Independent", 
			"children":[ 
			{"url":"http://www.independent.ie/rss",
			"title":"Irish Independent"}
		]},
		{"title":"Irish Times", 
			"children":[ 
			{"url":"http://www.irishtimes.com/feeds/rss/newspaper/index.rss",
			"title":"Irish Times"}
		]},
		{"title":"TheJournal.ie", "children":[
			{"url":"http://www.thejournal.ie/feed/",
			"title":"TheJournal.ie"}
		]},
		{"title":"Los Angeles Times", 
			"children":[ 
			{"url":"http://www.latimes.com//rss2.0.xml",
			"title":"Los Angeles Times"},
			{"url":"feed://latimesblogs.latimes.com/washington/atom.xml",
			"title":"LA Times Washington Blog"}
		]},
		{"title":"Media News", 
			"children":[ 
			{"url":"http://mediadecoder.blogs.nytimes.com/feed/",
			"title":"Media Decoder"},
			{"url":"http://www.mediagazer.com/index.xml",
			"title":"Mediagazer"},
			{"url":"http://www.mediagazer.com/firehose.xml",
			"title":"Mediagazer Firehose"},
			{"url":"http://www.mediaite.com/feed/rss/",
			"title":"Mediaite"}
		]},
		{"title":"Memeorandum", "children":[
			{"url":"http://www.memeorandum.com/index.xml",
			"title":"Memeorandum"},
			{"url":"http://www.memeorandum.com/firehose.xml",
			"title":"Memeorandum Firehose"}
		]},
		{"title":"Michelle Malkin", "children":[
			{"url":"http://feeds.feedburner.com/michellemalkin/posts",
			"title":"Michelle Malkin"}
		]},
		{"title":"New York Times", 
			"children":[ 
			{"url":"http://feeds.nytimes.com/nyt/rss/HomePage",
			"title":"New York Times"}
		]},
		{"title":"NPR", 
			"children":[ 
			{"url":"http://www.npr.org/rss/rss.php?id=1002",
			"title":"NPR Top Stories"},
			{"url":"http://www.npr.org/rss/rss.php?id=1001",
			"title":"NPR News"},
			{"url":"http://www.npr.org/rss/rss.php?id=1039",
			"title":"NPR Music"},
			{"url":"http://www.npr.org/rss/rss.php?id=1032",
			"title":"NPR Books"},
			{"url":"http://www.npr.org/rss/rss.php?id=3",
			"title":"NPR Morning Edition"},
			{"url":"http://feeds.feedburner.com/NprProgramsATC?id=2",
			"title":"NPR All Things Considered"},
			{"url":"http://www.npr.org/rss/rss.php?id=35",
			"title":"NPR Wait Wait Don't Tell Me"}
		]},												
		{"title":"The Opinionator", "children":[
			{"url":"http://opinionator.blogs.nytimes.com/feed/rss/",
			"title":"The Opinionator"}
		]},
		{"title":"Politico", 
			"children":[ 
			{"url":"http://feeds.politico.com/politico/rss/politicopicks",
			"title":"Politico Top Stories"},
			{"url":"http://feeds.politico.com/politico/rss/Politico44box",
			"title":"Politico Politics"},
			{"url":"http://feeds.politico.com/politico/rss/click",
			"title":"Politico Clicks"},
			{"url":"http://feeds.politico.com/politico/rss/congress",
			"title":"Politico Congress"},
			{"url":"http://www.politico.com/rss/arena.xml",
			"title":"Politico Arena"}
		]},
		{"title":"Politics", "children":[
			{"url":"feed://feeds.grist.org/rss/gristfeed",
			"title":"Grist"},
			{"url":"feed://www.whitehouse.gov/feed/press",
			"title":"The Whitehouse"},
			{"url":"feed://feeds.feedburner.com/americanthinker",
			"title":"American Thinker"},
			{"url":"feed://feeds.feedburner.com/crooksandliars/YaCP",
			"title":"Crooks and Liars"},
			{"url":"feed://publicpolicypolling.blogspot.com/feeds/posts/default?alt=rss",
			"title":"Public Policy Polling"},
			{"url":"feed://www.outsidethebeltway.com/feed/rss/",
			"title":"Outside the Beltway"},
			{"url":"feed://blogs.villagevoice.com/runninscared/rss.xml",
			"title":"Runnin' Scared"},
			{"url":"feed://feeds.feedburner.com/andrewsullivan/rApM",
			"title":"Andrew Sullivan"}
		]},
		{"title":"Talking Points Memo", "children":[
			{"url":"feed://feeds.feedburner.com/talking-points-memo",
			"title":"Talking Points Memo (TPM)"},
			{"url":"feed://feeds.feedburner.com/tpmmuckraker",
			"title":"TPM Muckraker"},
			{"url":"feed://feeds.feedburner.com/tpmcafe-main",
			"title":"TPM Café"},
			{"url":"feed://feeds2.feedburner.com/Tpmdc",
			"title":"TPM DC"}
		]},
		{"title":"RedState", 
			"children":[ 
			{"url":"http://http://redstate.com/rss",
			"title":"RedState"}
		]},
		{"title":"San Francisco Gate", 
			"children":[ 
			{"url":"http://www.sfgate.com/rss/feeds/news.xml",
			"title":"San Francisco Gate World News"},
			{"url":"http://www.sfgate.com/rss/feeds/bayarea.xml",
			"title":"San Francisco Bay Area News"}
		]},
		{"title":"Seattle Times", 
			"children":[ 
			{"url":"http://seattletimes.nwsource.com/rss/seattletimes.xml",
			"title":"Seattle Times Headlines"},
			{"url":"http://seattletimes.nwsource.com/rss/home.xml",
			"title":"Seattle Times Top Stories"}
		]},
		{"title":"Slate", "children":[
			{"url":"http://www.slate.com/rss",
			"title":"Slate magazine"}
		]},
		{"title":"The Sun", 
			"children":[ 
			{"url":"http://www.thesun.co.uk/sol/homepage/rss/",
			"title":"The Sun"}
		]},
		{"title":"Think Progress", "children":[
			{"url":"http://thinkprogress.org/rss",
			"title":"Think Progress"},
			{"url":"feed://wonkroom.thinkprogress.org/feed/",
			"title":"The Wonk room"}
		]},
		{"title":"The Times", 
			"children":[ 
			{"url":"http://www.thetimes.co.uk/tto/news/rss",
			"title":"The Times"}
		]},												
		{"title":"US Army", "children":[
			{"url":"http://www.armydomain.com/rss.xml",
			"title":"US Army"}
		]},
		{"title":"USA Today", 
			"children":[ 
			{"url":"http://rssfeeds.usatoday.com/usatoday-NewsTopStories",
			"title":"USA Today Top Stories"},
			{"url":"http://rssfeeds.usatoday.com/Usatoday-MostViewedArticles",
			"title":"USA Today Most Viewed"},
			{"url":"http://rssfeeds.usatoday.com/TP-OnDeadline",
			"title":"USA TodayOn Deadline"},				
			{"url":"http://rssfeeds.usatoday.com/UsatodaycomNation-TopStories",
			"title":"USA Today National"},				
			{"url":"http://rssfeeds.usatoday.com/UsatodaycomWashington-TopStories",
			"title":"USA Today Washington"},				
			{"url":"http://rssfeeds.usatoday.com/UsatodaycomWorld-TopStories",
			"title":"USA Today World News"},				
			{"url":"http://rssfeeds.usatoday.com/Religion-TopStories",
			"title":"USA Today Religion"},				
			{"url":"http://rssfeeds.usatoday.com/Education-TopStories",
			"title":"USA Today Education"},				
			{"url":"http://rssfeeds.usatoday.com/UsatodaycomOffbeat-TopStories",
			"title":"USA Today Offbeat News"}				
		]},
		{"title":"Wall Street Journal", 
			"children":[ 
			{"url":"http://feeds.wsjonline.com/wsj/xml/rss/3_7011.xml",
			"title":"Wall Street Journal"}
		]},
		{"title":"Washington Post", 
			"children":[ 
			{"url":"http://feeds.washingtonpost.com/rss/politics",
			"title":"Washington Post: Politics"},
			{"url":"http://feeds.washingtonpost.com/rss/politics/campaigns",
			"title":"Washington Post: Campaigns"},
			{"url":"http://feeds.washingtonpost.com/rss/politics/congress",
			"title":"Washington Post: Congress"},
			{"url":"http://feeds.washingtonpost.com/rss/politics/courts-law",
			"title":"Washington Post: Courts & Law"},
			{"url":"http://feeds.washingtonpost.com/rss/politics/federal-government",
			"title":"Washington Post: Federal Government"},
			{"url":"http://feeds.washingtonpost.com/rss/politics/polling",
			"title":"Washington Post: Polling"},
			{"url":"http://feeds.washingtonpost.com/rss/politics/whitehouse",
			"title":"Washington Post: The White House"},
			{"url":"http://feeds.washingtonpost.com/rss/politics/blogs-columns",
			"title":"Washington Post: Political Blogs"},
			{"url":"http://feeds.washingtonpost.com/rss/national",
			"title":"Washington Post: National News"},
			{"url":"http://feeds.washingtonpost.com/rss/national/energy-environment",
			"title":"Washington Post: Energy & Environment"},
			{"url":"http://feeds.washingtonpost.com/rss/national/health-science",
			"title":"Washington Post: Health & Science"},
			{"url":"http://feeds.washingtonpost.com/rss/national/higher-education",
			"title":"Washington Post: Higher Education"},
			{"url":"http://feeds.washingtonpost.com/rss/national/on-faith",
			"title":"Washington Post: On Faith"},
			{"url":"http://feeds.washingtonpost.com/rss/national/on-leadership",
			"title":"Washington Post: On Leadership"},
			{"url":"http://feeds.washingtonpost.com/rss/national/special-reports",
			"title":"Washington Post: Special Reports"},
			{"url":"http://feeds.washingtonpost.com/rss/opinions",
			"title":"Washington Post: Opinions"},
			{"url":"http://feeds.washingtonpost.com/rss/opinions/left-leaning",
			"title":"Washington Post: Left Leaning"},
			{"url":"http://feeds.washingtonpost.com/rss/opinions/right-leaning",
			"title":"Washington Post: Right Leaning"},
			{"url":"http://feeds.washingtonpost.com/rss/opinions/toles",
			"title":"Washington Post: Toles Cartoons"},
			{"url":"http://feeds.washingtonpost.com/rss/rss_altmuslimah",
			"title":"Washington Post: Alt Muslimah"},
			{"url":"http://feeds.washingtonpost.com/rss/business",
			"title":"Washington Post: Business"},
			{"url":"http://feeds.washingtonpost.com/rss/business/economy",
			"title":"Washington Post: The Economy"},
			{"url":"http://feeds.washingtonpost.com/rss/world/national-security",
			"title":"Washington Post: National Security"},
			{"url":"http://feeds.washingtonpost.com/rss/business/technology",
			"title":"Washington Post: Technology"},
			{"url":"http://feeds.washingtonpost.com/rss/entertainment/celebrities",
			"title":"Washington Post: Celebrities"},
			{"url":"http://feeds.washingtonpost.com/rss/entertainment/comics",
			"title":"Washington Post: Comics"},
			{"url":"http://feeds.washingtonpost.com/rss/entertainment/books",
			"title":"Washington Post: Books"},
			{"url":"http://feeds.washingtonpost.com/rss/entertainment/museums",
			"title":"Washington Post: Museums"},
			{"url":"http://feeds.washingtonpost.com/rss/entertainment/music",
			"title":"Washington Post: Music"},
			{"url":"http://feeds.washingtonpost.com/rss/lifestyle/wellness",
			"title":"Washington Post: Wellnes"},
			{"url":"http://feeds.washingtonpost.com/rss/entertainment/tv",
			"title":"Washington Post: TV"},
			{"url":"http://feeds.washingtonpost.com/rss/sports",
			"title":"Washington Post: Sports"},
			{"url":"http://feeds.washingtonpost.com/rss/lifestyle/style",
			"title":"Washington Post: Style"}
		]},
		{"title":"Yahoo! News", 
			"children":[ 
			{"url":"http://rss.news.yahoo.com/rss/highestrated",
			"title":"Yahoo! News: Most Recommended"},
			{"url":"http://rss.news.yahoo.com/rss/mostviewed",
			"title":"Yahoo! News: Most Viewed"},
			{"url":"http://rss.news.yahoo.com/rss/mostemailed",
			"title":"Yahoo! News: Most Popular"},
			{"url":"http://rss.news.yahoo.com/rss/obits",
			"title":"Yahoo! News: Obituaries"},
			{"url":"http://rss.news.yahoo.com/rss/oddlyenough",
			"title":"Yahoo! News: Oddly Enough - Reuters"},
			{"url":"http://rss.news.yahoo.com/rss/sports",
			"title":"Yahoo! News: Sports News"},
			{"url":"http://rss.news.yahoo.com/rss/oped",
			"title":"Yahoo! News: Opinion"},
			{"url":"http://rss.news.yahoo.com/rss/science",
			"title":"Yahoo! News: Science News"},
			{"url":"http://rss.news.yahoo.com/rss/weather",
			"title":"Yahoo! News: Weather News"},
			{"url":"http://rss.news.yahoo.com/rss/health",
			"title":"Yahoo! News: Health News"},
			{"url":"http://rss.news.yahoo.com/rss/entertainment",
			"title":"Yahoo! News: Entertainment News"},
			{"url":"http://rss.news.yahoo.com/rss/applecomputer",
			"title":"Yahoo! News: Apple News"},
			{"url":"http://rss.news.yahoo.com/rss/rssblog",
			"title":"Yahoo! News: RSS & Blogging"},
			{"url":"http://rss.news.yahoo.com/rss/security",
			"title":"Yahoo! News: Security News"},
			{"url":"http://rss.news.yahoo.com/rss/techblog",
			"title":"Yahoo! News: Tech Blogs"},
			{"url":"http://rss.news.yahoo.com/rss/economy",
			"title":"Yahoo! News: Economy News"},
			{"url":"http://rss.news.yahoo.com/rss/eurobiz",
			"title":"Yahoo! News: Business - European Economy"},
			{"url":"http://rss.news.yahoo.com/rss/stocks",
			"title":"Yahoo! News: Stock Markets News"},
			{"url":"http://rss.news.yahoo.com/rss/politics",
			"title":"Yahoo! News: Politics News"},
			{"url":"http://rss.news.yahoo.com/rss/world",
			"title":"Yahoo! News: World News"},
			{"url":"http://rss.news.yahoo.com/rss/us",
			"title":"Yahoo! News: U.S. News"},
			{"url":"http://rss.news.yahoo.com/rss/yahoonewsroom",
			"title":"Yahoo! News: The Newsroom"}
		]}
	]},
	{"title":"Sports",
	"children": [
		{"title":"Autosport", "children":[
			{"url":"http://www.autosport.com/rss/allnews.xml",
			"title":"Autosport News"},
			{"url":"http://www.autosport.com/rss/f1news.xml",
			"title":"Autosport F1 News"},
			{"url":"http://www.autosport.com/rss/motogpnews.xml",
			"title":"Autosport Motor Gran Prix news"},
			{"url":"http://www.autosport.com/rss/irlnews.xml",
			"title":"Autosport IRL News"},
			{"url":"http://www.autosport.com/rss/gp2news.xml",
			"title":"Autosport Gran Prix News"},
			{"url":"http://www.autosport.com/rss/f3news.xml",
			"title":"Autosport F3 News"},
			{"url":"http://www.autosport.com/rss/wsrnews.xml",
			"title":"Autosport WSR News"},
			{"url":"http://www.autosport.com/rss/wtccnews.xml",
			"title":"Autosport WTC News"},
			{"url":"http://www.autosport.com/rss/nascarnews.xml",
			"title":"Autosport NASCAR News"},
			{"url":"http://www.autosport.com/rss/dtmnews.xml",
			"title":"Autosport DTM News"},
			{"url":"http://www.autosport.com/rss/btccnews.xml",
			"title":"Autosport BTC News"},
			{"url":"http://www.autosport.com/rss/v8news.xml",
			"title":"Autosport V8 News"},
			{"url":"http://www.autosport.com/rss/wrcnews.xml",
			"title":"Autosport WRC News"},
			{"url":"http://www.autosport.com/rss/lemansnews.xml",
			"title":"Autosport Lemans News"},
			{"url":"http://www.autosport.com/rss/almsnews.xml",
			"title":"Autosport ALMS News"},
			{"url":"http://www.autosport.com/rss/lmsnews.xml",
			"title":"Autosport LMS News"},
			{"url":"http://www.autosport.com/rss/fiagtnews.xml",
			"title":"Autosport FIAGT News"}
		]},
		{"title":"Bowling", "children":[
			{"url":"http://feeds.feedburner.com/BowlingcomNewBowlingBalls",
			"title":"Bowling Balls"},
			{"url":"http://feeds.feedburner.com/BowlingcomNewBowlingBags",
			"title":"Bowling Bags"},
			{"url":"http://feeds.feedburner.com/BowlingcomNewBowlingShoes",
			"title":"Bowling Shoes"},
			{"url":"http://feeds.feedburner.com/BowlingcomNewBowlingAccessories",
			"title":"Bowling Accessories"}
		]},
		{"title":"Car Blogs", "children":[
			{"url":"http://blogs.cars.com/kickingtires/index.rdf",
			"title":"Car Blogs"}
		]},
		{"title":"CBS Sports", "children":[
			{"url":"http://feeds.cbssports.com/cbssportsline/home_news",
			"title":"Top Headlines"},
			{"url":"http://www.cbssports.com/partners/feeds/rss/home_news",
			"title":"Top News"},
			{"url":"http://feeds.cbssports.com/cbssportsline/mlb_news",
			"title":"MLB Headlines"},
			{"url":"http://www.cbssports.com/partners/feeds/rss/mlb_news",
			"title":"MLB News"},
			{"url":"http://feeds.cbssports.com/cbssportsline/nba_news",
			"title":"NBA Headlines"},
			{"url":"http://www.cbssports.com/partners/feeds/rss/nba_news",
			"title":"NBA News"},
			{"url":"http://feeds.cbssports.com/cbssportsline/cfb_news",
			"title":"NCAA Football Headlines"},
			{"url":"http://www.cbssports.com/partners/feeds/rss/cfb_news",
			"title":"College Football News"},
			{"url":"http://feeds.cbssports.com/cbssportsline/cb_news",
			"title":"NCAA Basketball Headlines"},
			{"url":"http://www.cbssports.com/partners/feeds/rss/cb_news",
			"title":"College Basketball News"},
			{"url":"http://feeds.cbssports.com/cbssportsline/nfl_news",
			"title":"NFL Headlines"},
			{"url":"http://www.cbssports.com/partners/feeds/rss/nfl_news",
			"title":"NFL News"},
			{"url":"http://feeds.cbssports.com/cbssportsline/nhl_news",
			"title":"NHL Headlines"},
			{"url":"http://www.cbssports.com/partners/feeds/rss/nhl_news",
			"title":"NHL News"}
		]},
		{"title":"ESPN", "children":[
			{"url":"http://sports-ak.espn.go.com/espn/rss/news",
			"title":"ESPN"}
		]},
		{"title":"Fantasy Baseball", "children":[
			{"url":"http://fantasybaseball.com/feed/",
			"title":"Fantasy Baseball"}
		]},
		{"title":"Golf.com", "children":[
			{"url":"http://rss.golf.com/web/golf/rss/tours_news/index.xml",
			"title":"Golf.com Tours"},
			{"url":"http://rss.golf.com/web/golf/rss/instruction/index.xml",
			"title":"Golf.com Instruction"},
			{"url":"http://rss.golf.com/web/golf/rss/equipment/index.xml",
			"title":"Golf.com Equipment News"},
			{"url":"http://rss.golf.com/web/golf/rss/courses_travel/index.xml",
			"title":"Golf.com Golf Courses and Travel News"},
			{"url":"http://blogs.golf.com/presstent/index.rdf",
			"title":"Glof.com Press Releases"},
			{"url":"http://blogs.golf.com/equipment/index.rdf",
			"title":"Golf.com equipment List"},
			{"url":"http://blogs.golf.com/top100/index.rdf",
			"title":"Golf.com Top 100 Courses"},
			{"url":"http://blogs.golf.com/trips/index.rdf",
			"title":"Golf.com Golfing trips"},
			{"url":"http://blogs.golf.com/fantasy_golf/index.rdf",
			"title":"Golf.com Fantasy Golf"}
		]},
		{"title":"NBA", "children":[
			{"url":"http://www.nba.com/rss/nba_rss.xml",
			"title":"NBA News"}
		]},
		{"title":"NHL", "children":[
			{"url":"http://www.nhl.com/rss/features.xml",
			"title":"NHL Features"},
			{"url":"http://www.nhl.com/rss/top-stories.xml",
			"title":"NHL Top Stories"},
			{"url":"http://www.nhl.com/rss/news.xml",
			"title":"NHL News"},
			{"url":"http://www.nhl.com/rss/nouvelles.xml",
			"title":"NHL News in French"}
		]},
		{"title":"Sports Illustrated", "children":[
			{"url":"http://rss.cnn.com/rss/si_topstories.rss",
			"title":"Sports Illustrated Top Stories"},
			{"url":"http://rss.cnn.com/rss/si_latest.rss",
			"title":"Sports Illustrated Latest Stories"}
		]}
	]},
	{"title":"Business & Finance",
	"children": [
		{"title":"The Consumerist", "children":[
			{"url":"http://consumerist.com/index.xml",
			"title":"The Consumerist"}
		]},
		{"title":"Fast Company", "children":[
			{"url":"http://www.fastcompany.com/rss.xml",
			"title":"Fast Company"}
		]},
		{"title":"Forbes Magazine", "children":[
			{"url":"http://www.forbes.com/news/index.xml",
			"title":"Forbes News"},
			{"url":"http://www.forbes.com/feeds/popstories.xml",
			"title":"Forbes Top Stories"}
		]},
		{"title":"Inc.", "children":[
			{"url":"http://www.inc.com/rss.xml",
			"title":"Inc."}
		]},
		{"title":"Investopedia", "children":[
			{"url":"http://feeds.investopedia.com/stockinvesting",
			"title":"Investopedia"}
		]},
		{"title":"Motley Fool", "children":[
			{"url":"http://www.fool.com/feeds/index.aspx?id=foolwatch&format=rss2",
			"title":"Motley Fool"}
		]},
		{"title":"USA Today", "children":[
			{"url":"http://rssfeeds.usatoday.com/UsatodaycomMoney-TopStories",
			"title":"USA Today Money"}
		]}
	]},	
	{"title":"Dining",
	"children": [
		{"title":"Cooking", "children":[
			{"url":"feed://www.insanitytheory.net/kitchenwench/feed/",
			"title":"Kitchen Wench"},
			{"url":"feed://cassiecraves.blogspot.com/feeds/posts/default?alt=rss",
			"title":"Cassie Craves"},
			{"url":"feed://joelens.blogspot.com/feeds/posts/default?alt=rss",
			"title":"Joe Lens"},
			{"url":"feed://www.iheartpublix.com/index.php/feed/",
			"title":"I Heart Publix"},
			{"url":"feed://cookalmostanything.blogspot.com/feeds/posts/default?alt=rss",
			"title":"Cook Almost Anything"},
			{"url":"feed://cookitallergyfree.com/blog/feed/",
			"title":"Cook It Allergy Free"},
			{"url":"feed://gggiraffe.blogspot.com/feeds/posts/default?alt=rss",
			"title":"GGGiraffe"},
			{"url":"feed://forksknivesandspades.blogspot.com/feeds/posts/default?alt=rss",
			"title":"Forks Knives and Spades"},
			{"url":"feed://www.endlesssimmer.com/feed/",
			"title":"Endless Simmer"},
			{"url":"feed://feeds.feedburner.com/globetrotterdiaries",
			"title":"Globe Trotter Diaries"},
			{"url":"feed://feeds.seriouseats.com/seriouseatsfeaturesvideos",
			"title":"Serious Eats"},
			{"url":"feed://www.quarrygirl.com/feed/",
			"title":"Quarry Girl"},
			{"url":"feed://www.goodlifeeats.com/feed",
			"title":"Good Life Eats"},
			{"url":"feed://feeds.feedburner.com/tidymom",
			"title":"Tidy mom"},
			{"url":"feed://steamykitchen.com/feed",
			"title":"Steamy Kitchen"},
			{"url":"feed://www.joythebaker.com/blog/feed/",
			"title":"Joy the Baker"},
			{"url":"feed://www.jewlicious.com/feed/",
			"title":"Jewlicious"},
			{"url":"feed://feeds.feedburner.com/KeepingTheKingdomFirst",
			"title":"Keeping the Kingdom First"},
			{"url":"feed://www.southernsavers.com/feed/",
			"title":"Southern Savers"},
			{"url":"feed://notwithoutsalt.com/feed/",
			"title":"Not Without Salt"},
			{"url":"feed://vintagetexas.com/blog/?feed=rss2",
			"title":"Vintage Texas"}
		]},
		{"title":"Epicurious", "children":[
			{"url":"http://feeds.epicurious.com/newrecipes",
			"title":"Epicurious New Recipes"},
			{"url":"http://feeds.epicurious.com/latestfeatures",
			"title":"Epicurious Latest Recipes"}
		]}
	]},			
	{"title":"Technology",
	"children": [
		{"title":"Android", "children":[
			{"url":"feed://www.androidcentral.com/feed",
			"title":"Android Central"}
		]},
		{"title":"Apple", "children":[
			{"url":"http://images.apple.com/main/rss/hotnews/hotnews.rss",
			"title":"Apple Hot News"},
			{"url":"http://feeds.pheedo.com/appleinsider",
			"title":"The Apple Insider"},
			{"url":"http://www.tuaw.com/bloggers/victor-agreda-jr/rss.xml",
			"title":"TUAW: Victor Agreda, Jr."},
			{"url":"http://www.tuaw.com/bloggers/michael-rose/rss.xml",
			"title":"TUAW: Michael Rose"},
			{"url":"http://www.tuaw.com/bloggers/dave-caolo/rss.xml",
			"title":"TUAW: Dave Caolo"},
			{"url":"http://www.tuaw.com/bloggers/mike-schramm/rss.xml",
			"title":"TUAW: Mike Schramm"},
			{"url":"http://www.tuaw.com/bloggers/chris-rawson/rss.xml",
			"title":"TUAW: Chris Rawson"},
			{"url":"http://www.tuaw.com/bloggers/steve-sande/rss.xml",
			"title":"TUAW: Steve Sande"}
		]},
		{"title":"Boing Boing", "children":[
			{"url":"http://feeds.boingboing.net/boingboing/IBag",
			"title":"Boing Boing"}
		]},
		{"title":"CNET", 
			"children":[ 
			{"url":"http://news.cnet.com/2547-1_3-0-20.xml",
			"title":"CNET News"},
			{"url":"http://news.cnet.com/8300-17939_109-2.xml",
			"title":"CNET Webware"},
			{"url":"http://news.cnet.com/8300-17938_105-1.xml",
			"title":"CNET Crave"},
			{"url":"http://news.cnet.com/8300-1001_3-92.xml",
			"title":"CNET Business"},
			{"url":"http://news.cnet.com/8300-11128_3-54.xml",
			"title":"CNET Green Tech"},
			{"url":"http://news.cnet.com/8300-1035_3-94.xml",
			"title":"CNET Wireless"},
			{"url":"http://news.cnet.com/8300-1009_3-83.xml",
			"title":"CNET Security"},
			{"url":"http://news.cnet.com/8302-13503_3-0.xml",
			"title":"CNET Blogs"},
			{"url":"http://news.cnet.com/8300-1023_3-93.xml",
			"title":"CNET Media"},								
			{"url":"http://news.cnet.com/8300-11386_3-76.xml",
			"title":"CNET Cutting Edge"},								
			{"url":"http://news.cnet.com/8300-13579_3-37.xml",
			"title":"CNET Apple News"},								
			{"url":"http://news.cnet.com/8300-13578_3-38.xml",
			"title":"CNET Politics"},								
			{"url":"http://news.cnet.com/8300-10797_3-235.xml",
			"title":"CNET Gaming"},								
			{"url":"http://news.cnet.com/8300-10805_3-75.xml",
			"title":"CNET Microsoft News"},								
			{"url":"http://news.cnet.com/8300-27083_3-247.xml",
			"title":"CNET Health News"},								
			{"url":"http://news.cnet.com/2547-1_3-0-20.xml",
			"title":"CNET Photos"},								
			{"url":"http://news.cnet.com/2547-1_3-0-20.xml",
			"title":"CNET Videos"}
		]},
		{"title":"CrunchGear", "children":[
			{"url":"http://www.crunchgear.com/feed/rss/",
			"title":"CrunchGear News"}
		]},
		{"title":"Engadget", "children":[
			{"url":"http://www.engadget.com/rss.xml",
			"title":"Engadget"}
		]},
		{"title":"Gapingvoid", "children":[
			{"url":"http://gapingvoid.com/feed/",
			"title":"Gapingvoid News"},
			{"url":"http://gapingvoid.com/comments/feed/",
			"title":"Gapingvoid Comments"}
		]},
		{"title":"Gawker", "children":[
			{"url":"http://gawker.com/index.xml",
			"title":"Gawker News"},
			{"url":"http://gawker.com/excerpts.xml",
			"title":"Gawker Excerpts"},
			{"url":"http://gawker.com/tag/top/index.xml",
			"title":"Gawker Top Stories"},
			{"url":"http://gawker.com/xml/comments",
			"title":"Gawker Comments"}
		]},
		{"title":"GigaOm", "children":[
			{"url":"http://gigaom.com/feed/comments/",
			"title":"GigaOm"}
		]},
		{"title":"Google Blog", "children":[
			{"url":"http://feeds.feedburner.com/blogspot/MKuf",
			"title":"Google Blog"}
		]},
		{"title":"Internet News", "children":[
			{"url":"http://www.internetnews.com/icom_includes/feeds/inews/xml_front-7-days-20.xml",
			"title":"Internet News"}
		]},
		{"title":"Laughing Squid", "children":[
			{"url":"http://feeds.laughingsquid.com/laughingsquid",
			"title":"Laughing Squid"}
		]},
		{"title":"Mashable", "children":[
			{"url":"http://feeds.mashable.com/mashable",
			"title":"Mashable"}
		]},
		{"title":"MemoToo", 
			"children":[ 
			{"url":"http://memotoo.com/newsRSS.php",
			"title":"MemoToo News"},
			{"url":"http://memotoo.com/forum/forumRSS.php",
			"title":"MemoToo Forum"},
			{"url":"http://memotoo.com/newsExtensionFirefoxRSS.php",
			"title":"MemoToo Firefox Extensions"},
			{"url":"http://memotoo.com/newsExtensionThunderbirdRSS.php",
			"title":"MemoToo Thunderbird Extensions"}
		]},
		{"title":"MIT Technology Review", "children":[
			{"url":"http://www.technologyreview.com/rss/rss.aspx",
			"title":"MIT Technology Review"}
		]},
		{"title":"New Scientist", "children":[
			{"url":"http://feeds.newscientist.com/science-news",
			"title":"New Scientist News"},
			{"url":"http://www.newscientist.com/feed/view?id=6&type=channel",
			"title":"New Scientist Physics"},
			{"url":"http://www.newscientist.com/feed/view?id=7&type=channel",
			"title":"New Scientist Biology"},
			{"url":"http://www.newscientist.com/feed/view?id=1&type=channel",
			"title":"New Scientist Astronomy"},
			{"url":"http://www.newscientist.com/feed/view?id=2&type=channel",
			"title":"New Scientist Medicine"},
			{"url":"http://www.newscientist.com/feed/view?id=3&type=channel",
			"title":"New Scientist Psychology"},
			{"url":"http://www.newscientist.com/feed/view?id=4&type=channel",
			"title":"New Scientist Mathematics"},
			{"url":"http://www.newscientist.com/feed/view?id=5&type=channel",
			"title":"New Scientist Computers"},
			{"url":"http://www.newscientist.com/feed/magazine",
			"title":"New Scientist Magazine"},
			{"url":"http://feeds.newscientist.com/science-news",
			"title":"New Scientist Breaking News"}
		]},
		{"title":"New Tech Post", "children":[
			{"url":"http://feeds.feedburner.com/newtechpost",
			"title":"New Tech Post"},
			{"url":"http://newtechpost.com/taxonomy/term/21/all/feed",
			"title":"New Tech Post: Business"},
			{"url":"http://newtechpost.com/taxonomy/term/81/all/feed",
			"title":"New Tech Post: Mobile"},
			{"url":"http://newtechpost.com/taxonomy/term/6/all/feed",
			"title":"New Tech Post: Social Media"},
			{"url":"http://newtechpost.com/taxonomy/term/84/all/feed",
			"title":"New Tech Post: Technology"},
			{"url":"http://newtechpost.com/taxonomy/term/323/all/feed",
			"title":"New Tech Post: Video"},
			{"url":"http://newtechpost.com/blog/feed",
			"title":"New Tech Post: Blog"}
		]},
		{"title":"Oracle", "children":[
			{"url":"http://www.oracle.com/us/corporate/press/rss/rss-pr.xml",
			"title":"Oracle Press Releases"},
			{"url":"http://www.oracle.com/ocom/groups/public/@ocom/documents/webcontent/196280.xml",
			"title":"Oracle News"}
		]},
		{"title":"ReadWriteWeb", "children":[
			{"url":"http://www.readwriteweb.com/rss.xml",
			"title":"ReadWriteWeb"}
		]},
		{"title":"Scientific American", "children":[
			{"url":"http://rss.sciam.com/ScientificAmerican-Global",
			"title":"Scientific American"}
		]},
		{"title":"Search Engine Land", "children":[
			{"url":"http://searchengineland.com/feed/rss",
			"title":"Search Engine Land"}
		]},
		{"title":"Slashdot", "children":[
			{"url":"http://rss.slashdot.org/Slashdot/slashdot",
			"title":"Slashdot"}
		]},
		{"title":"SlashGear", "children":[
			{"url":"http://feeds.slashgear.com/slashgear",
			"title":"SlashGear"}
		]},
		{"title":"StreamGlider Blogs", "children":[
			{"url":"http://www.novaspivack.com/feed",
			"title":"Nova Spivack's Blog"},
			{"url":"http://www.johnbreslin.com/blog/feed",
			"title":"John Breslin's Blog"},
			{"url":"http://worldbehindtheglass.blogspot.com/feeds/posts/default?alt=rss",
			"title":"Bill McDaniel's Blog"}
		]},
		{"title":"TechCrunch", "children":[
			{"url":"http://techcrunch.com/feed/rss",
			"title":"TechCrunch"}
		]},
		{"title":"Tech Dirt", "children":[
			{"url":"feed://feeds.techdirt.com/techdirt/feed",
			"title":"Tech Dirt"}
		]},
		{"title":"Techmeme", "children":[
			{"url":"http://www.techmeme.com/lb",
			"title":"Techmeme"},
			{"url":"http://www.techmeme.com/firehose.xml",
			"title":"Techmeme Firehose"}
		]},
		{"title":"ThinkGeek", "children":[
			{"url":"http://www.thinkgeek.com/thinkgeek.rss",
			"title":"Think Geek news"}
		]},
		{"title":"Uber Gizmo", "children":[
			{"url":"feed://www.ubergizmo.com/index.xml",
			"title":"Uber Gizmo"}
		]},
		{"title":"Wired Magazine", 
			"children":[ 
			{"url":"http://feeds.wired.com/wired/index",
			"title":"Wired News"},
			{"url":"feed://wired.com/dangerroom/rss",
			"title":"Wired Danger Room"},
			{"url":"feed://www.wired.com/gadgetlab/feed/",
			"title":"Wired Gadget lab"}
		]}
	]},	
	{"title":"Culture",
	"children": [
		{"title":"The Auto Blog", "children":[
			{"url":"feed://www.autoblog.com/rss.xml",
			"title":"Auto Blog"}
		]},
		{"title":"boards.ie", "children":[
			{"url":"http://www.boards.ie/rss.php?filter=trending",
			"title":"boards.ie Trending"},
			{"url":"http://www.boards.ie/rss.php?filter=views",
			"title":"boards.ie Most Read"},
			{"url":"http://www.boards.ie/rss.php?filter=thanks",
			"title":"boards.ie Thanks"},
			{"url":"http://www.boardsdeals.ie/rss.php",
			"title":"Boards Deals"},
			{"url":"http://www.adverts.ie/for-sale/rss/",
			"title":"adverts.ie For Sale"}
		]},
		{"title":"Break.com", "children":[
			{"url":"http://rss.break.com/channel/homepage/",
			"title":"Break.com"}
		]},
		{"title":"Bumpshack", "children":[
			{"url":"http://bumpshack.com/feed/",
			"title":"Bumpshack"}
		]},
		{"title":"BuzzFeed", "children":[
			{"url":"http://www.buzzfeed.com/index.xml",
			"title":"BuzzFeed Top News"},
			{"url":"http://www.buzzfeed.com/category/culture.xml",
			"title":"BuzzFeed Culture"},
			{"url":"http://www.buzzfeed.com/category/movie.xml",
			"title":"BuzzFeed Movies"},
			{"url":"http://www.buzzfeed.com/category/music.xml",
			"title":"BuzzFeed Music"},
			{"url":"http://www.buzzfeed.com/category/celebrity.xml",
			"title":"BuzzFeed Celebrity News"},
			{"url":"http://www.buzzfeed.com/category/style.xml",
			"title":"BuzzFeed Style"},
			{"url":"http://www.buzzfeed.com/category/food.xml",
			"title":"BuzzFeed Food"},
			{"url":"http://www.buzzfeed.com/category/politics.xml",
			"title":"BuzzFeed Politics"},
			{"url":"http://www.buzzfeed.com/category/business.xml",
			"title":"BuzzFeed Business"},
			{"url":"http://www.buzzfeed.com/category/sports.xml",
			"title":"BuzzFeed Sports"},
			{"url":"http://www.buzzfeed.com/category/science.xml",
			"title":"BuzzFeed Science"},
			{"url":"http://www.buzzfeed.com/category/tech.xml",
			"title":"BuzzFeed Technology"}
		]},
		{"title":"Euro Gamer", "children":[
			{"url":"feed://www.eurogamer.net/rss/eurogamer_frontpage_feed.rss",
			"title":"Euro Gamer"}
		]},
		{"title":"Eureka Alert", "children":[
			{"url":"feed://www.eurekalert.org/rss/agriculture.xml",
			"title":"Eureka Alert"}
		]},
		{"title":"Fashion News", "children":[
			{"url":"http://www.fashionnews.com/feed/rss/",
			"title":"Fashion News"}
		]},
		{"title":"Jeopardy", "children":[
			{"url":"http://jeopardy.com/./news/newsfeed.php",
			"title":"Jeopardy News"}
		]},
		{"title":"Joystiq", "children":[
			{"url":"http://www.joystiq.com/rss.xml",
			"title":"Joystiq Main News"},
			{"url":"http://www.joystiq.com/xbox/rss.xml",
			"title":"Joystiq Xbox News"},
			{"url":"http://www.joystiq.com/ps3/rss.xml",
			"title":"Joystiq PS3 News"},
			{"url":"http://www.joystiq.com/psp/rss.xml",
			"title":"Joystiq PSP News"},
			{"url":"http://www.joystiq.com/wii/rss.xml",
			"title":"Joystiq Wii News"},
			{"url":"http://www.joystiq.com/ds/rss.xml",
			"title":"Joystiq DS News"},
			{"url":"http://www.joystiq.com/pc/rss.xml",
			"title":"Joystiq PC News"},
			{"url":"http://www.joystiq.com/mobile/rss.xml",
			"title":"Joystiq Mobile News"}
		]},
		{"title":"Knitting", "children":[
			{"url":"http://feeds.feedburner.com/KnittingToGiveBlog",
			"title":"Knitting News"}
		]},
		{"title":"Just Jared", "children":[
			{"url":"feed://justjared.buzznet.com/feed/",
			"title":"Just Jared"}
		]},
		{"title":"Lifehacker", "children":[
			{"url":"http://lifehacker.com/index.xml",
			"title":"Lifehacker News"},
			{"url":"http://lifehacker.com/excerpts.xml",
			"title":"Lifehacker Excerpts"},
			{"url":"http://lifehacker.com/tag/top/index.xml",
			"title":"Lifehacker tags"},
			{"url":"http://lifehacker.com/xml/comments",
			"title":"Lifehacker Comments"}
		]},
		{"title":"Media Matters", "children":[
			{"url":"http://feeds.mediamatters.org/MediaMattersForAmerica-CountyFair",
			"title":"media Matters"},
			{"url":"feed://mediamatters.org/rss/clips.rss",
			"title":"Media Matters Clips"}
		]},
		{"title":"New York magazine", "children":[
			{"url":"feed://feedproxy.google.com/nymag/intel",
			"title":"New York Magazine"}
		]},
		{"title":"Out.com", "children":[
			{"url":"http://feeds.feedburner.com/OutComFeatures",
			"title":"Out.com Features"}
		]},
		{"title":"PhotoJojo", "children":[
			{"url":"http://www.photojojo.com/content/feed/rss/",
			"title":"PhotoJojo"}
		]},
		{"title":"PlayStation", "children":[
			{"url":"http://feeds.feedburner.com/psblog",
			"title":"PlayStation Blog"}
		]},
		{"title":"/Film", "children":[
			{"url":"http://feeds2.feedburner.com/slashfilm",
			"title":"/Film"}
		]},
		{"title":"Religion", "children":[
			{"url":"feed://friendlyatheist.com/feed/",
			"title":"Friendly Atheist"},
			{"url":"feed://www.internetmonk.com/feed",
			"title":"Internet Monk"}
		]},
		{"title":"Seth Godin", "children":[
			{"url":"http://sethgodin.typepad.com/seths_blog/index.rdf",
			"title":"Seth Godin's Blog"}
		]},
		{"title":"Slash Film", "children":[
			{"url":"feed://feed.slashfilm.com/feed/rss/",
			"title":"Slash Film"}
		]},
		{"title":"Soap Opera News", "children":[
			{"url":"http://soaps.sheknows.com/rss/",
			"title":"Soap Opera News"}
		]},
		{"title":"Starbucks", "children":[
			{"url":"http://www.starbucks.com/rss",
			"title":"Starbucks"}
		]},
		{"title":"Starpulse", "children":[
			{"url":"http://feeds.starpulse.com/StarpulseEntertainmentNewsBlog",
			"title":"Starpulse Entertainment"},
			{"url":"http://feeds.starpulse.com/StarpulseEntertainmentPhotos",
			"title":"Starpulse Photos"},
			{"url":"http://feeds.starpulse.com/StarpulseContests",
			"title":"Starpulse Contests"},
			{"url":"http://feeds.starpulse.com/CelebrityBirthdays",
			"title":"Starpulse Birthdays"}
		]},
		{"title":"StyleCaster", "children":[
			{"url":"http://www.stylecaster.com/feeds/rss/news",
			"title":"StyleCaster news"}
		]},
		{"title":"TMZ", "children":[
			{"url":"http://www.tmz.com/rss.xml",
			"title":"TMZ"}
		]},
		{"title":"Truth Dig", "children":[
			{"url":"feed://feedproxy.google.com/Truthdig",
			"title":"Truth Dig"}
		]},
		{"title":"TV Guide", "children":[
			{"url":"http://rss.tvguide.com/breakingnews",
			"title":"TV Guide Breaking News"},
			{"url":"http://rss.tvguide.com/VideoSearch?primary=top+videos&amp;top+video=TV+Guide+Picks&amp;source=rss",
			"title":"TV Guide Top Videos"},
			{"url":"http://rss.tvguide.com/photogallery",
			"title":"TV Guide Photo Gallery"}
		]},
		{"title":"TV Squad", "children":[
			{"url":"feed://www.tvsquad.com/rss.xml",
			"title":"TV Squad"}
		]},
		{"title":"WeSmirch", "children":[
			{"url":"http://www.wesmirch.com/index.xml",
			"title":"WeSmirch"},
			{"url":"http://www.wesmirch.com/firehose.xml",
			"title":"WeSmirch Firehose"}
		]}
	]},	
	{"title":"Health",
	"children": [
		{"title":"Drugs.com", "children":[
			{"url":"http://feeds.drugs.com/Drugscom-DailyMednews",
			"title":"Drugs.com Daily Medical news"},
			{"url":"http://feeds.drugs.com/Drugscom-HeadlineNews",
			"title":"Drugs.com Headline News"},
			{"url":"http://feeds.drugs.com/Drugscom-FdaMedwatchAlerts",
			"title":"Drugs.com FDA Medical Watch Alerts"}
		]},
		{"title":"MedPage", "children":[
			{"url":"http://www.medpagetoday.com/medical-news-rss-feeds/Latest-Medical-News.xml",
			"title":"MedPage Today Latest Stories"}
		]},
		{"title":"PubMed", "children":[
			{"url":"http://www.ncbi.nlm.nih.gov/feed/rss.cgi?ChanKey=PubMedNews",
			"title":"PubMed News"}
		]}
	]},	
	{"title":"Travel",
	"children": [
		{"title":"Amsterdam travelogue", "children":[
			{"url":"http://feeds.bootsnall.com/bna/amsterdamlogue",
			"title":"Amsterdam travelogue"}			
		]},
		{"title":"Aviation Blog", "children":[
			{"url":"http://aviationblog.dallasnews.com/index.xml",
			"title":"Aviation Blog"}			
		]},
		{"title":"Go Back Packing", "children":[
			{"url":"http://www.gobackpacking.com/Blog/feed/",
			"title":"Go Back Packing"}			
		]},
		{"title":"Go Visit Hawaii", "children":[
			{"url":"http://feeds.feedburner.com/govisithawaii",
			"title":"Go Visit Hawaii"}			
		]},
		{"title":"Hotel Club", "children":[
			{"url":"http://blog.hotelclub.com/feed/",
			"title":"Hotel Club"}			
		]},
		{"title":"Orbitz", "children":[
			{"url":"http://www.orbitz.com/content/www/orb/rss/flightdeals.rss.xml?z=532f&r=1",
			"title":"Orbitz Flight Deals"}			
		]},
		{"title":"Orlando Business and Tourism", "children":[
			{"url":"http://blogs.orlandosentinel.com/business_tourism_aviation/feed",
			"title":"Orlando Business and Tourism"}			
		]},
		{"title":"Snowboarding Skier", "children":[
			{"url":"http://feeds.feedburner.com/SnowboardingSkier",
			"title":"Snowboarding Skier"}			
		]},
		{"title":"Starting Out London", "children":[
			{"url":"http://www.starting-out-london.com/feed/",
			"title":"Starting Out London"}			
		]},
		{"title":"Travel Vietnam", "children":[
			{"url":"http://www.hoteltravelvietnam.com/feed",
			"title":"Travel Vietnam"}			
		]},
		{"title":"World Hotel Reservation", "children":[
			{"url":"http://world-hotel-reservation.info/feed",
			"title":"World Hotel Reservation"}			
		]}
	]}
]